{
  "id": "",
  "name": "",
  "font_family": "iconfont",
  "css_prefix_text": "icon-",
  "description": "",
  "glyphs": [
    {
      "icon_id": "1727541",
      "name": "308上一页、后退、返回",
      "font_class": "shangyiyehoutuifanhui",
      "unicode": "e8ef",
      "unicode_decimal": 59631
    },
    {
      "icon_id": "1727542",
      "name": "309下一页、前进、查看更多",
      "font_class": "xiayiyeqianjinchakangengduo",
      "unicode": "e8f1",
      "unicode_decimal": 59633
    }
  ]
}
